{"cameraMode":{"drawMode":0,"name":"Shaded","section":"Shading Mode"},"sceneLighting":false,"audioPlay":false,"sceneViewState":{"m_AlwaysRefresh":false,"showFog":true,"showSkybox":false,"showFlares":true,"showImageEffects":true,"showParticleSystems":true,"showVisualEffectGraphs":true,"m_FxEnabled":true},"in2DMode":false,"pivot":{"x":0.8341724872589111,"y":0.7194162607192993,"z":-1.2119280099868775},"rotation":{"x":0.029736116528511049,"y":-0.5630388855934143,"z":0.020278165116906167,"w":0.8256464004516602},"size":1.3462913036346436,"orthographic":false}